{"cbow": {"LogisticRegression": {"micro": [0.8289844189975597, 0.8318002628120894, 0.8257931293410925, 0.831987985733058, 0.8280135185880586], "macro": [0.8317726643232952, 0.8354265971521155, 0.829441497531127, 0.8349665627367979, 0.8305182552366241], "precision": [0.8303489707064643, 0.8346880021308599, 0.8283814731012581, 0.833520146235419, 0.8293401482122978], "recall": [0.8335314723604828, 0.8364227020341671, 0.8311249375602957, 0.8371090415781604, 0.8326372596766001]}}, "cbow_postitional": {"LogisticRegression": {"micro": [0.8295475877604656, 0.8301107565233716, 0.8242913459733433, 0.8327388774169326, 0.8283890349230192], "macro": [0.8318181255372776, 0.8334717572702405, 0.8278156985697072, 0.8350826485431059, 0.8303705241421792], "precision": [0.8304323846208838, 0.8327638949887232, 0.8267635572918707, 0.8335515779619236, 0.8287568536345375], "recall": [0.8335569874130776, 0.8345269249436251, 0.8297442054405239, 0.8375803976432843, 0.8330770124001413]}}, "skip": {"LogisticRegression": {"micro": [0.8289844189975597, 0.8318002628120894, 0.8257931293410925, 0.831987985733058, 0.8280135185880586], "macro": [0.8317726643232952, 0.8354265971521155, 0.829441497531127, 0.8349665627367979, 0.8305182552366241], "precision": [0.8303489707064643, 0.8346880021308599, 0.8283814731012581, 0.833520146235419, 0.8293401482122978], "recall": [0.8335314723604828, 0.8364227020341671, 0.8311249375602957, 0.8371090415781604, 0.8326372596766001]}}, "skip_postitional": {"LogisticRegression": {"micro": [0.8295475877604656, 0.8301107565233716, 0.8242913459733433, 0.8327388774169326, 0.8283890349230192], "macro": [0.8318181255372776, 0.8334717572702405, 0.8278156985697072, 0.8350826485431059, 0.8303705241421792], "precision": [0.8304323846208838, 0.8327638949887232, 0.8267635572918707, 0.8335515779619236, 0.8287568536345375], "recall": [0.8335569874130776, 0.8345269249436251, 0.8297442054405239, 0.8375803976432843, 0.8330770124001413]}}, "cbow_skip": {"LogisticRegression": {"micro": [0.8379951192040548, 0.8348038295475878, 0.8351792753895251, 0.8408109630185847, 0.832895230942546], "macro": [0.84064278844084, 0.8379087349443765, 0.8387537507214183, 0.8433659632993196, 0.8356083761871196], "precision": [0.839786976475687, 0.8368231952820023, 0.8374410356954193, 0.8421006259796119, 0.8341478596138803], "recall": [0.8417414623120758, 0.8393734816312284, 0.8407672830419789, 0.8452064786711846, 0.8379830594123039]}}, "cbow_skip_postitional": {"LogisticRegression": {"micro": [0.8451285902008635, 0.8391214567298667, 0.8366810587572743, 0.8488830486202366, 0.8366503942921517], "macro": [0.8472174244937539, 0.8424869434765413, 0.8398080856248418, 0.8510230591132812, 0.8395768021963421], "precision": [0.8460594892813239, 0.8419130935675473, 0.8385826942109977, 0.8498898479743746, 0.8389397183498091], "recall": [0.8487267008817749, 0.8432735650053179, 0.8416841806984019, 0.8526240195143764, 0.8409327701289884]}}}